train_loss,epoch,step
0.005622401833534241,49,49
0.0014794234884902835,99,99
0.001160753658041358,149,149
0.00021467798796948045,199,199
0.0001577955117681995,249,249
0.00013842468615621328,299,299
0.00012018180859740824,349,349
0.0001247552572749555,399,399
